Date,Entry Time,Exit Time,Entry Price,Exit Price,Stop Loss,Target,Result,P/L,Daily Bias,Bias Reason,RSI,EMA9,EMA20,ATR,Cumulative P/L
2022-06-06,2022-06-06 09:30:00-05:00,2022-06-06 10:30:00-05:00,4134.71021484375,4129.71021484375,4129.71021484375,4168.77978515625,Stop Loss,-5.0,,Daily Bias Not Used,58.61076560460486,4128.71148969652,4127.170835336809,27.28381529620246,-5.0
2022-06-28,2022-06-28 09:30:00-05:00,2022-06-28 09:30:00-05:00,3909.13990234375,3904.13990234375,3904.13990234375,3945.860107421875,Stop Loss,-5.0,,Daily Bias Not Used,67.4120155961343,3899.7604432156472,3871.753615279876,24.124102399950676,-10.0
2022-07-06,2022-07-06 09:30:00-05:00,2022-07-06 09:30:00-05:00,3820.2800390625,3815.2800390625,3815.2800390625,3848.89990234375,Stop Loss,-5.0,,Daily Bias Not Used,57.09651278742229,3808.0950775916554,3803.3596543251897,28.685765818172822,-15.0
2022-07-22,2022-07-22 09:30:00-05:00,2022-07-22 09:30:00-05:00,3984.000009765625,3979.000009765625,3979.000009765625,4012.43994140625,Stop Loss,-5.0,,Daily Bias Not Used,67.22981087184186,3979.2031785798276,3954.250268368286,21.661851774947543,-20.0
2022-08-04,2022-08-04 09:30:00-05:00,2022-08-04 09:30:00-05:00,4143.820078125,4138.820078125,4138.820078125,4161.2900390625,Stop Loss,-5.0,,Daily Bias Not Used,59.81604563129928,4144.050160428474,4128.3796502044925,20.161970501312314,-25.0
2022-08-16,2022-08-16 09:30:00-05:00,2022-08-16 09:30:00-05:00,4283.34986328125,4278.34986328125,4278.34986328125,4295.580078125,Stop Loss,-5.0,,Daily Bias Not Used,66.53160971911888,4284.358447863417,4261.557324601357,14.303399990550806,-30.0
2022-08-17,2022-08-17 09:30:00-05:00,2022-08-17 09:30:00-05:00,4266.67994140625,4261.67994140625,4261.67994140625,4282.3701171875,Stop Loss,-5.0,,Daily Bias Not Used,51.17157363664513,4296.150896721617,4281.69720687394,16.76298142061773,-35.0
2022-09-21,2022-09-21 09:30:00-05:00,2022-09-21 09:30:00-05:00,3870.270029296875,3887.35009765625,3865.270029296875,3887.35009765625,Target Hit,17.08006835937522,,Daily Bias Not Used,51.39435995328365,3864.5954198443746,3873.045437703228,24.822266747341537,-17.91993164062478
2022-10-05,2022-10-05 09:30:00-05:00,2022-10-05 10:30:00-05:00,3727.330087890625,3763.6201171875,3722.330087890625,3763.6201171875,Target Hit,36.29002929687522,,Daily Bias Not Used,53.371297846156914,3750.35624080838,3720.1352907695373,29.97523034626534,18.370097656250437
2022-10-06,2022-10-06 09:30:00-05:00,2022-10-06 13:30:00-05:00,3748.520029296875,3743.520029296875,3743.520029296875,3797.929931640625,Stop Loss,-5.0,,Daily Bias Not Used,52.74797219539676,3766.968165221754,3745.6982728510884,29.45499034203773,13.370097656250437
2022-10-14,2022-10-14 09:30:00-05:00,2022-10-14 10:30:00-05:00,3617.350107421875,3612.350107421875,3612.350107421875,3712.0,Stop Loss,-5.0,,Daily Bias Not Used,50.38120385362436,3634.9944052036467,3625.4444995139174,38.3851752190697,8.370097656250437
2022-10-18,2022-10-18 09:30:00-05:00,2022-10-18 09:30:00-05:00,3730.1198828125,3725.1198828125,3725.1198828125,3730.469970703125,Stop Loss,-5.0,,Daily Bias Not Used,67.93423490860152,3677.175853794627,3654.6901236593367,33.876822599675805,3.3700976562504366
2022-11-01,2022-11-01 09:30:00-05:00,2022-11-01 09:30:00-05:00,3860.129892578125,3855.129892578125,3855.129892578125,3911.7900390625,Stop Loss,-5.0,,Daily Bias Not Used,55.89200606571012,3875.9235251521322,3866.4295306567983,22.177467905778947,-1.6299023437495634
2022-11-09,2022-11-09 09:30:00-06:00,2022-11-09 09:30:00-06:00,3790.570078125,3785.570078125,3785.570078125,3818.199951171875,Stop Loss,-5.0,,Daily Bias Not Used,50.041247366026134,3816.2163757097933,3805.250225187019,28.27886465564063,-6.629902343749563
2022-11-15,2022-11-15 09:30:00-06:00,2022-11-15 09:30:00-06:00,4006.399912109375,4022.639892578125,4001.399912109375,4022.639892578125,Target Hit,16.23998046875022,,Daily Bias Not Used,65.83200275741085,3989.172728851653,3960.6058154587695,27.86061817271507,9.610078125000655
2022-11-16,2022-11-16 09:30:00-06:00,2022-11-16 09:30:00-06:00,3964.1101171875,3959.1101171875,3959.1101171875,3983.090087890625,Stop Loss,-5.0,,Daily Bias Not Used,51.832005508341894,3987.5761108656716,3974.999860596307,27.73034072827477,4.610078125000655
2022-11-18,2022-11-18 09:30:00-06:00,2022-11-18 10:30:00-06:00,3948.439951171875,3943.439951171875,3943.439951171875,3979.889892578125,Stop Loss,-5.0,,Daily Bias Not Used,51.76966745462497,3946.4737914345424,3953.161403857707,24.01921008813947,-0.38992187499934516
2022-11-28,2022-11-28 09:30:00-06:00,2022-11-28 09:30:00-06:00,3993.9499609375,3988.9499609375,3988.9499609375,4012.27001953125,Stop Loss,-5.0,,Daily Bias Not Used,50.24403864874715,4017.393854947474,4004.81816465102,15.881437164653317,-5.389921874999345
2022-12-01,2022-12-01 09:30:00-06:00,2022-12-01 09:30:00-06:00,4054.290048828125,4055.7900390625,4049.290048828125,4055.7900390625,Target Hit,1.4999902343752183,,Daily Bias Not Used,65.694984849446,4015.201695228604,3994.6462996558903,23.951713739573766,-3.889931640624127
2023-01-10,2023-01-10 09:30:00-06:00,2023-01-10 09:30:00-06:00,3884.99,3879.99,3879.99,3896.280029296875,Stop Loss,-5.0,,Daily Bias Not Used,55.630039487687064,3904.0169116304082,3887.1786846043988,21.193614087178407,-8.889931640624127
2023-01-11,2023-01-11 09:30:00-06:00,2023-01-11 10:30:00-06:00,3932.34009765625,3945.239990234375,3927.34009765625,3945.239990234375,Target Hit,12.899892578125218,,Daily Bias Not Used,67.78155209231818,3914.8239170790794,3900.6705571604375,19.345588481929212,4.009960937501091
2023-01-18,2023-01-18 09:30:00-06:00,2023-01-18 09:30:00-06:00,3997.84009765625,3992.84009765625,3992.84009765625,4014.159912109375,Stop Loss,-5.0,,Daily Bias Not Used,66.05555459303669,3994.7559524241437,3984.404314260527,16.359431057655545,-0.9900390624989086
2023-01-26,2023-01-26 09:30:00-06:00,2023-01-26 09:30:00-06:00,4021.2800390625,4016.2800390625,4016.2800390625,4039.510009765625,Stop Loss,-5.0,,Daily Bias Not Used,64.15427425906293,4010.6217127917726,4001.494444714251,20.561582078739573,-5.990039062498909
2023-01-27,2023-01-27 09:30:00-06:00,2023-01-27 11:30:00-06:00,4049.74,4078.77001953125,4044.74,4078.77001953125,Target Hit,29.03001953125022,,Daily Bias Not Used,68.97412455208402,4043.2909298412205,4025.179363305225,19.45331191818292,23.03998046875131
2023-01-30,2023-01-30 09:30:00-06:00,2023-01-30 09:30:00-06:00,4042.080087890625,4037.080087890625,4037.080087890625,4050.820068359375,Stop Loss,-5.0,,Daily Bias Not Used,54.254893052220794,4064.3741443567133,4048.2982055515517,18.782849865174335,18.03998046875131
2023-02-01,2023-02-01 09:30:00-06:00,2023-02-01 09:30:00-06:00,4060.399912109375,4055.399912109375,4055.399912109375,4076.7099609375,Stop Loss,-5.0,,Daily Bias Not Used,59.85641205362494,4055.260198139582,4048.793937175899,15.788943969045997,13.03998046875131
2023-02-08,2023-02-08 09:30:00-06:00,2023-02-08 09:30:00-06:00,4141.01978515625,4136.01978515625,4136.01978515625,4145.77978515625,Stop Loss,-5.0,,Daily Bias Not Used,56.78690889989037,4135.282245812894,4128.422695741017,24.34971244975866,8.03998046875131
2023-02-09,2023-02-09 09:30:00-06:00,2023-02-09 09:30:00-06:00,4132.999765625,4127.999765625,4127.999765625,4156.22998046875,Stop Loss,-5.0,,Daily Bias Not Used,53.54952681102896,4127.203444293351,4126.56164462326,22.438577027015125,3.0399804687513097
2023-02-14,2023-02-14 09:30:00-06:00,2023-02-14 10:30:00-06:00,4105.59986328125,4100.59986328125,4100.59986328125,4159.77001953125,Stop Loss,-5.0,,Daily Bias Not Used,62.370096616975616,4125.940353909211,4116.751629242679,19.59977664045062,-1.9600195312486903
2023-02-27,2023-02-27 09:30:00-06:00,2023-02-27 10:30:00-06:00,3992.350107421875,3987.350107421875,3987.350107421875,4018.050048828125,Stop Loss,-5.0,,Daily Bias Not Used,53.75408707976707,3980.553431929116,3989.729178864225,22.5303434718864,-6.96001953124869
2023-03-07,2023-03-07 09:30:00-06:00,2023-03-07 10:30:00-06:00,4009.520029296875,4004.520029296875,4004.520029296875,4055.0,Stop Loss,-5.0,,Daily Bias Not Used,50.11575963429043,4043.0505388723504,4028.319164834009,15.725304763098858,-11.96001953124869
2023-03-09,2023-03-09 09:30:00-06:00,2023-03-09 10:30:00-06:00,3997.250009765625,3992.250009765625,3992.250009765625,4017.81005859375,Stop Loss,-5.0,,Daily Bias Not Used,51.29494912772597,3990.998088518294,3998.5638602402532,16.91711182082218,-16.96001953124869
2023-03-17,2023-03-17 09:30:00-05:00,2023-03-17 09:30:00-05:00,3921.560068359375,3916.560068359375,3916.560068359375,3963.909912109375,Stop Loss,-5.0,,Daily Bias Not Used,52.54902196342124,3932.160432239327,3917.148350245447,29.87014785403256,-21.96001953124869
2023-03-21,2023-03-21 09:30:00-05:00,2023-03-21 09:30:00-05:00,3975.879892578125,3979.610107421875,3970.879892578125,3979.610107421875,Target Hit,3.7302148437502183,,Daily Bias Not Used,62.45686899663644,3948.736368632581,3936.167916843739,25.160653718991906,-18.229804687498472
2023-03-27,2023-03-27 09:30:00-05:00,2023-03-27 09:30:00-05:00,3982.919931640625,3977.919931640625,3977.919931640625,3986.239990234375,Stop Loss,-5.0,,Daily Bias Not Used,56.663332131376364,3963.357432662823,3963.1829529637134,27.067781672386293,-23.229804687498472
2023-03-28,2023-03-28 09:30:00-05:00,2023-03-28 12:30:00-05:00,3964.540048828125,3959.540048828125,3959.540048828125,3984.199951171875,Stop Loss,-5.0,,Daily Bias Not Used,50.96316607576725,3977.6314168029962,3972.7435112558255,21.523518764263162,-28.229804687498472
2023-04-04,2023-04-04 09:30:00-05:00,2023-04-04 09:30:00-05:00,4114.67994140625,4109.67994140625,4109.67994140625,4133.1298828125,Stop Loss,-5.0,,Daily Bias Not Used,69.0991393142284,4111.2221972790785,4089.327242060307,14.196712381859001,-33.22980468749847
2023-04-05,2023-04-05 09:30:00-05:00,2023-04-05 09:30:00-05:00,4085.919931640625,4080.919931640625,4080.919931640625,4086.300048828125,Stop Loss,-5.0,,Daily Bias Not Used,50.89120700465496,4098.340217487447,4092.6283273878034,14.300624289674428,-38.22980468749847
2023-04-11,2023-04-11 09:30:00-05:00,2023-04-11 10:30:00-05:00,4106.4401953125,4115.35986328125,4101.4401953125,4115.35986328125,Target Hit,8.919667968750218,,Daily Bias Not Used,60.2922296029024,4100.617552903714,4096.147958470023,12.400350237999872,-29.310136718748254
2023-04-12,2023-04-12 09:30:00-05:00,2023-04-12 09:30:00-05:00,4114.1999609375,4109.1999609375,4109.1999609375,4134.3701171875,Stop Loss,-5.0,,Daily Bias Not Used,63.318441149742995,4115.446096905714,4107.481207373083,12.477893205071954,-34.310136718748254
2023-04-14,2023-04-14 09:30:00-05:00,2023-04-14 09:30:00-05:00,4133.6101171875,4128.6101171875,4128.6101171875,4163.18994140625,Stop Loss,-5.0,,Daily Bias Not Used,57.701395561829266,4132.199716702126,4122.470302516134,14.515527717451462,-39.310136718748254
2023-04-17,2023-04-17 09:30:00-05:00,2023-04-17 10:30:00-05:00,4134.32984375,4129.32984375,4129.32984375,4143.64990234375,Stop Loss,-5.0,,Daily Bias Not Used,58.569501381988786,4132.173684178131,4126.658713292826,13.513487669930205,-44.310136718748254
2023-04-18,2023-04-18 09:30:00-05:00,2023-04-18 10:30:00-05:00,4145.7898046875,4140.7898046875,4140.7898046875,4169.47998046875,Stop Loss,-5.0,,Daily Bias Not Used,59.61402573276743,4139.5859786059045,4133.270059644237,13.38233715107754,-49.310136718748254
2023-04-24,2023-04-24 09:30:00-05:00,2023-04-24 09:30:00-05:00,4131.71998046875,4126.71998046875,4126.71998046875,4151.91015625,Stop Loss,-5.0,,Daily Bias Not Used,53.14898220196279,4133.593915207155,4135.577433637588,12.249259045251438,-54.310136718748254
2023-05-08,2023-05-08 09:30:00-05:00,2023-05-08 09:30:00-05:00,4128.13013671875,4128.669921875,4123.13013671875,4128.669921875,Target Hit,0.5397851562502183,,Daily Bias Not Used,55.31298732190595,4121.3135066425175,4113.494168859156,17.195257160631492,-53.770351562498035
2023-05-10,2023-05-10 09:30:00-05:00,2023-05-10 09:30:00-05:00,4125.3601171875,4120.3601171875,4120.3601171875,4154.27978515625,Stop Loss,-5.0,,Daily Bias Not Used,54.58538363878431,4125.997656027244,4123.883754754088,13.804130886812413,-58.770351562498035
2023-05-12,2023-05-12 09:30:00-05:00,2023-05-12 09:30:00-05:00,4126.8698828125,4121.8698828125,4121.8698828125,4143.740234375,Stop Loss,-5.0,,Daily Bias Not Used,51.771840609260096,4126.75380783869,4125.527554306388,14.84164458181211,-63.770351562498035
2023-05-30,2023-05-30 09:30:00-05:00,2023-05-30 09:30:00-05:00,4207.51978515625,4202.51978515625,4202.51978515625,4231.10009765625,Stop Loss,-5.0,,Daily Bias Not Used,67.94208418966701,4194.773401298987,4177.935539784381,16.142866359918347,-68.77035156249804
2023-06-07,2023-06-07 09:30:00-05:00,2023-06-07 09:30:00-05:00,4282.5398046875,4277.5398046875,4277.5398046875,4299.18994140625,Stop Loss,-5.0,,Daily Bias Not Used,67.02553391441938,4281.104486159507,4272.26057087033,12.522397432418382,-73.77035156249804
2023-06-12,2023-06-12 09:30:00-05:00,2023-06-12 10:30:00-05:00,4305.09009765625,4312.64990234375,4300.09009765625,4312.64990234375,Target Hit,7.559804687500218,,Daily Bias Not Used,61.703195924537,4301.55746392194,4293.802099683044,11.983416219951852,-66.21054687499782
2023-07-20,2023-07-20 09:30:00-05:00,2023-07-20 12:30:00-05:00,4545.499765625,4540.499765625,4540.499765625,4569.740234375,Stop Loss,-5.0,,Daily Bias Not Used,54.73035592461354,4559.425698909469,4547.9175527803645,11.676229719784118,-71.21054687499782
2023-07-26,2023-07-26 09:30:00-05:00,2023-07-26 13:30:00-05:00,4556.3601171875,4551.3601171875,4551.3601171875,4575.10009765625,Stop Loss,-5.0,,Daily Bias Not Used,52.441118047841016,4565.313881348842,4559.846170444132,9.940391831522787,-76.21054687499782
2023-07-27,2023-07-27 09:30:00-05:00,2023-07-27 09:30:00-05:00,4588.8601171875,4583.8601171875,4583.8601171875,4607.06982421875,Stop Loss,-5.0,,Daily Bias Not Used,68.53090828663487,4567.051010833599,4562.5219676649995,13.528743456758262,-81.21054687499782
2023-08-22,2023-08-22 09:30:00-05:00,2023-08-22 09:30:00-05:00,4401.26001953125,4396.26001953125,4396.26001953125,4402.0498046875,Stop Loss,-5.0,,Daily Bias Not Used,53.667198605477765,4389.111841676123,4389.690814638821,15.856971504888678,-86.21054687499782
2023-08-24,2023-08-24 09:30:00-05:00,2023-08-24 09:30:00-05:00,4428.63013671875,4423.63013671875,4423.63013671875,4458.2998046875,Stop Loss,-5.0,,Daily Bias Not Used,60.198974614913574,4425.8337818671935,4413.561627405232,14.97547306388516,-91.21054687499782
2023-08-28,2023-08-28 09:30:00-05:00,2023-08-28 09:30:00-05:00,4424.2898046875,4419.2898046875,4419.2898046875,4438.3701171875,Stop Loss,-5.0,,Daily Bias Not Used,62.40139631851646,4408.525654205614,4405.49398030979,19.01810551302039,-96.21054687499782
2023-09-01,2023-09-01 09:30:00-05:00,2023-09-01 09:30:00-05:00,4516.80005859375,4511.80005859375,4511.80005859375,4530.7998046875,Stop Loss,-5.0,,Daily Bias Not Used,66.86083748058971,4518.349357200115,4503.651810814653,15.02768496394721,-101.21054687499782
2023-09-11,2023-09-11 09:30:00-05:00,2023-09-11 09:30:00-05:00,4470.17994140625,4480.39990234375,4465.17994140625,4480.39990234375,Target Hit,10.219960937500218,,Daily Bias Not Used,56.170709664093096,4462.3206620204855,4464.544391271467,13.867089298038197,-90.9905859374976
2023-09-20,2023-09-20 09:30:00-05:00,2023-09-20 09:30:00-05:00,4450.96021484375,4454.580078125,4445.96021484375,4454.580078125,Target Hit,3.6198632812502183,,Daily Bias Not Used,50.652229430708516,4443.333718546928,4449.711437073147,12.102238375831371,-87.37072265624738
2023-09-29,2023-09-29 09:30:00-05:00,2023-09-29 10:30:00-05:00,4315.6198828125,4310.6198828125,4310.6198828125,4338.14990234375,Stop Loss,-5.0,,Daily Bias Not Used,54.594466104107894,4301.00915576082,4298.433372534966,20.143146909601487,-92.37072265624738
2023-10-09,2023-10-09 09:30:00-05:00,2023-10-09 09:30:00-05:00,4287.46021484375,4296.60986328125,4282.46021484375,4296.60986328125,Target Hit,9.149648437500218,,Daily Bias Not Used,57.03662703962907,4293.299884774525,4277.583355482892,19.315826869571644,-83.22107421874716
2023-10-11,2023-10-11 09:30:00-05:00,2023-10-11 10:30:00-05:00,4360.1901953125,4355.1901953125,4355.1901953125,4377.43994140625,Stop Loss,-5.0,,Daily Bias Not Used,65.34075312681777,4356.817756081287,4335.6222905904515,16.822566335892454,-88.22107421874716
2023-10-13,2023-10-13 09:30:00-05:00,2023-10-13 09:30:00-05:00,4354.909921875,4349.909921875,4349.909921875,4377.10009765625,Stop Loss,-5.0,,Daily Bias Not Used,54.41093071887293,4356.07481275032,4352.661315878189,17.702662653922708,-93.22107421874716
2023-11-09,2023-11-09 09:30:00-06:00,2023-11-09 11:30:00-06:00,4373.46021484375,4368.46021484375,4368.46021484375,4398.39990234375,Stop Loss,-5.0,,Daily Bias Not Used,60.424941811226866,4376.932099866043,4367.942404730208,12.450261641537113,-98.22107421874716
2023-11-16,2023-11-16 09:30:00-06:00,2023-11-16 09:30:00-06:00,4495.6901953125,4490.6901953125,4490.6901953125,4521.990234375,Stop Loss,-5.0,,Daily Bias Not Used,66.8657113500561,4502.845877503697,4481.150838458713,14.6784703185217,-103.22107421874716
2023-11-17,2023-11-17 09:30:00-06:00,2023-11-17 11:30:00-06:00,4501.249765625,4513.259765625,4496.249765625,4513.259765625,Target Hit,12.010000000000218,,Daily Bias Not Used,64.02895596056432,4503.032624676114,4491.5431795809145,13.186170628242973,-91.21107421874694
2023-11-21,2023-11-21 09:30:00-06:00,2023-11-21 11:30:00-06:00,4526.34009765625,4538.77001953125,4521.34009765625,4538.77001953125,Target Hit,12.429921875000218,,Daily Bias Not Used,56.787848300793605,4535.361488901601,4522.476559908965,11.72120075180015,-78.78115234374673
2023-11-29,2023-11-29 09:30:00-06:00,2023-11-29 09:30:00-06:00,4566.01001953125,4561.01001953125,4561.01001953125,4587.64013671875,Stop Loss,-5.0,,Daily Bias Not Used,64.78747875196676,4556.176617914912,4553.350516916064,11.201239872843226,-83.78115234374673
2023-12-06,2023-12-06 09:30:00-06:00,2023-12-06 10:30:00-06:00,4570.76978515625,4565.76978515625,4565.76978515625,4590.740234375,Stop Loss,-5.0,,Daily Bias Not Used,56.48651867093378,4568.404791676788,4567.059202925646,12.852292805655056,-88.78115234374673
2023-12-27,2023-12-27 09:30:00-06:00,2023-12-27 11:30:00-06:00,4771.15015625,4780.740234375,4766.15015625,4780.740234375,Target Hit,9.590078125000218,,Daily Bias Not Used,59.12134009295973,4771.0494630114545,4762.309207503787,12.396952613310521,-79.19107421874651
2023-12-28,2023-12-28 09:30:00-06:00,2023-12-28 09:30:00-06:00,4785.67017578125,4791.7998046875,4780.67017578125,4791.7998046875,Target Hit,6.129628906250218,,Daily Bias Not Used,63.8641517390267,4779.3269614890905,4771.448612690438,11.352307005962388,-73.06144531249629
2023-12-29,2023-12-29 09:30:00-06:00,2023-12-29 09:30:00-06:00,4782.7800390625,4777.7800390625,4777.7800390625,4788.43017578125,Stop Loss,-5.0,,Daily Bias Not Used,57.69139023008569,4785.245113644078,4779.348040788153,9.790137558135223,-78.06144531249629
2024-01-11,2024-01-11 09:30:00-06:00,2024-01-11 09:30:00-06:00,4753.05005859375,4748.05005859375,4748.05005859375,4798.5,Stop Loss,-5.0,,Daily Bias Not Used,57.430646421045815,4769.648845110359,4757.724976481344,15.610163219343297,-83.06144531249629
2024-01-12,2024-01-12 09:30:00-06:00,2024-01-12 09:30:00-06:00,4776.05982421875,4771.05982421875,4771.05982421875,4802.39990234375,Stop Loss,-5.0,,Daily Bias Not Used,61.13895530807027,4772.082310188338,4763.9269318304605,16.743959920540224,-88.06144531249629
2024-01-23,2024-01-23 09:30:00-06:00,2024-01-23 09:30:00-06:00,4850.42017578125,4845.42017578125,4845.42017578125,4858.97998046875,Stop Loss,-5.0,,Daily Bias Not Used,69.07307559497508,4846.458442243703,4825.325895192884,13.614451793740084,-93.06144531249629
2024-01-29,2024-01-29 09:30:00-06:00,2024-01-29 09:30:00-06:00,4889.9499609375,4892.31005859375,4884.9499609375,4892.31005859375,Target Hit,2.3600976562502183,,Daily Bias Not Used,59.61706433195679,4890.6212833629015,4884.164259181837,12.272459114488822,-90.70134765624607
2024-02-05,2024-02-05 09:30:00-06:00,2024-02-05 09:30:00-06:00,4923.46021484375,4918.46021484375,4918.46021484375,4928.9501953125,Stop Loss,-5.0,,Daily Bias Not Used,53.59920984997616,4940.797985644365,4923.755270752765,18.936676968329646,-95.70134765624607
2024-02-08,2024-02-08 09:30:00-06:00,2024-02-08 09:30:00-06:00,4990.38990234375,4992.919921875,4985.38990234375,4992.919921875,Target Hit,2.5300195312502183,,Daily Bias Not Used,66.43363218618491,4985.560051902067,4968.890920086811,13.518609001453566,-93.17132812499585
2024-02-14,2024-02-14 09:30:00-06:00,2024-02-14 09:30:00-06:00,4970.82984375,4965.82984375,4965.82984375,4991.85009765625,Stop Loss,-5.0,,Daily Bias Not Used,51.36362753186586,4969.09233999137,4982.991355892092,18.294840271789504,-98.17132812499585
2024-02-15,2024-02-15 09:30:00-06:00,2024-02-15 09:30:00-06:00,5002.55005859375,5007.490234375,4997.55005859375,5007.490234375,Target Hit,4.940175781250218,,Daily Bias Not Used,58.001778980417484,4986.387173449759,4985.413543028697,17.80218303913804,-93.23115234374563
2024-02-26,2024-02-26 09:30:00-06:00,2024-02-26 09:30:00-06:00,5087.38990234375,5082.38990234375,5082.38990234375,5097.66015625,Stop Loss,-5.0,,Daily Bias Not Used,65.914990117127,5085.58508049175,5063.667529442877,16.138609019011916,-98.23115234374563
2024-03-22,2024-03-22 09:30:00-05:00,2024-03-22 12:30:00-05:00,5234.46021484375,5244.56005859375,5229.46021484375,5244.56005859375,Target Hit,10.099843750000218,,Daily Bias Not Used,64.24120769540525,5238.133968182461,5216.674252124977,14.932032261506652,-88.13130859374542
2024-03-26,2024-03-26 09:30:00-05:00,2024-03-26 13:30:00-05:00,5227.8698828125,5222.8698828125,5222.8698828125,5235.16015625,Stop Loss,-5.0,,Daily Bias Not Used,55.970412301254015,5227.424565956817,5225.713968976849,11.39678700906185,-93.13130859374542
2024-04-01,2024-04-01 09:30:00-05:00,2024-04-01 09:30:00-05:00,5247.8698828125,5242.8698828125,5242.8698828125,5249.4501953125,Stop Loss,-5.0,,Daily Bias Not Used,57.92310051061826,5249.782101933973,5241.483099277022,10.785383726063097,-98.13130859374542
2024-04-04,2024-04-04 09:30:00-05:00,2024-04-04 10:30:00-05:00,5242.980234375,5254.9501953125,5237.980234375,5254.9501953125,Target Hit,11.969960937500218,,Daily Bias Not Used,60.569157247104776,5221.650629737035,5221.529157579313,15.366773121738335,-86.1613476562452
2024-04-24,2024-04-24 09:30:00-05:00,2024-04-24 09:30:00-05:00,5075.30982421875,5070.30982421875,5070.30982421875,5089.47998046875,Stop Loss,-5.0,,Daily Bias Not Used,64.23726392649934,5060.379111889021,5042.402845339765,18.89682720162238,-91.1613476562452
2024-04-30,2024-04-30 09:30:00-05:00,2024-04-30 09:30:00-05:00,5097.55005859375,5092.55005859375,5092.55005859375,5110.830078125,Stop Loss,-5.0,,Daily Bias Not Used,54.07741236143033,5106.688669638485,5094.595850410285,17.788806284183703,-96.1613476562452
2024-05-03,2024-05-03 09:30:00-05:00,2024-05-03 14:30:00-05:00,5101.96021484375,5127.77001953125,5096.96021484375,5139.1201171875,Market Close,25.80980468750022,,Daily Bias Not Used,63.03648200116523,5065.495551758437,5061.017343661055,26.671152720596783,-70.35154296874498
2024-05-23,2024-05-23 09:30:00-05:00,2024-05-23 09:30:00-05:00,5305.46998046875,5300.46998046875,5300.46998046875,5351.8798828125,Stop Loss,-5.0,,Daily Bias Not Used,54.54443239162755,5309.33601307577,5309.270264423837,12.550652842280432,-75.35154296874498
2024-06-03,2024-06-03 09:30:00-05:00,2024-06-03 09:30:00-05:00,5283.38990234375,5278.38990234375,5278.38990234375,5302.10986328125,Stop Loss,-5.0,,Daily Bias Not Used,61.13083495562945,5247.834468982462,5251.294139065633,19.151573751109378,-80.35154296874498
2024-06-04,2024-06-04 09:30:00-05:00,2024-06-04 10:30:00-05:00,5264.30982421875,5259.30982421875,5259.30982421875,5284.75,Stop Loss,-5.0,,Daily Bias Not Used,55.258649816295566,5265.113961454552,5259.557989969408,19.448206336504068,-85.35154296874498
2024-06-13,2024-06-13 09:30:00-05:00,2024-06-13 10:30:00-05:00,5411.1101171875,5406.1101171875,5406.1101171875,5441.93017578125,Stop Loss,-5.0,,Daily Bias Not Used,62.58099845446925,5414.571158334855,5394.479398890346,19.054487947632644,-90.35154296874498
2024-06-14,2024-06-14 09:30:00-05:00,2024-06-14 11:30:00-05:00,5404.96998046875,5424.080078125,5399.96998046875,5424.080078125,Target Hit,19.11009765625022,,Daily Bias Not Used,55.789756594851504,5421.137403084427,5408.521419817705,17.91637289896565,-71.24144531249476
2024-06-18,2024-06-18 09:30:00-05:00,2024-06-18 12:30:00-05:00,5474.96998046875,5486.509765625,5469.96998046875,5486.509765625,Target Hit,11.539785156250218,,Daily Bias Not Used,68.98493972605573,5464.392221233184,5445.1132667041875,15.500120957553989,-59.70166015624454
2024-06-27,2024-06-27 09:30:00-05:00,2024-06-27 10:30:00-05:00,5473.570078125,5468.570078125,5468.570078125,5490.81005859375,Stop Loss,-5.0,,Daily Bias Not Used,60.88149148355974,5472.624491188071,5469.345400961059,13.892305979552743,-64.70166015624454
2024-08-01,2024-08-01 09:30:00-05:00,2024-08-01 09:30:00-05:00,5515.88990234375,5510.88990234375,5510.88990234375,5566.16015625,Stop Loss,-5.0,,Daily Bias Not Used,58.83290460110392,5506.621985509536,5489.643071703844,28.80410052746515,-69.70166015624454
2024-08-22,2024-08-22 09:30:00-05:00,2024-08-22 09:30:00-05:00,5617.17017578125,5612.17017578125,5612.17017578125,5643.22021484375,Stop Loss,-5.0,,Daily Bias Not Used,69.58250166198621,5613.148005598628,5597.215598103538,17.065054145242776,-74.70166015624454
2024-08-23,2024-08-23 09:30:00-05:00,2024-08-23 09:30:00-05:00,5599.9401953125,5638.43994140625,5594.9401953125,5638.43994140625,Target Hit,38.49974609375022,,Daily Bias Not Used,64.80711113274826,5598.641152329968,5595.315494470028,22.834180228359376,-36.201914062494325
2024-08-26,2024-08-26 09:30:00-05:00,2024-08-26 09:30:00-05:00,5626.3698828125,5621.3698828125,5621.3698828125,5629.7001953125,Stop Loss,-5.0,,Daily Bias Not Used,58.57755116237114,5619.899395826611,5609.670703596599,24.02090896840919,-41.201914062494325
2024-08-28,2024-08-28 09:30:00-05:00,2024-08-28 09:30:00-05:00,5615.26001953125,5610.26001953125,5610.26001953125,5627.02978515625,Stop Loss,-5.0,,Daily Bias Not Used,54.059998768679925,5623.120280214846,5619.180418444669,16.352158337774803,-46.201914062494325
2024-08-30,2024-08-30 09:30:00-05:00,2024-08-30 09:30:00-05:00,5612.730234375,5607.730234375,5607.730234375,5632.2900390625,Stop Loss,-5.0,,Daily Bias Not Used,53.33018253906006,5613.093566617773,5612.53709767874,21.949810837526435,-51.201914062494325
2024-09-16,2024-09-16 09:30:00-05:00,2024-09-16 09:30:00-05:00,5613.05982421875,5608.05982421875,5608.05982421875,5619.9501953125,Stop Loss,-5.0,,Daily Bias Not Used,66.33441103072778,5614.332472273759,5584.038136183516,21.399447779954,-56.201914062494325
2024-09-20,2024-09-20 09:30:00-05:00,2024-09-20 09:30:00-05:00,5686.820078125,5681.820078125,5681.820078125,5709.64013671875,Stop Loss,-5.0,,Daily Bias Not Used,59.250692429863015,5700.587845586089,5677.163655667122,24.82600546973236,-61.201914062494325
2024-09-24,2024-09-24 09:30:00-05:00,2024-09-24 10:30:00-05:00,5700.49,5731.0,5695.49,5731.0,Target Hit,30.51000000000022,,Daily Bias Not Used,54.82408212498015,5711.214130864826,5701.910498246213,18.86138656066308,-30.691914062494106
2024-09-25,2024-09-25 09:30:00-05:00,2024-09-25 10:30:00-05:00,5731.2898046875,5726.2898046875,5726.2898046875,5741.02978515625,Stop Loss,-5.0,,Daily Bias Not Used,62.872791485709726,5726.074525972145,5715.654931909236,15.950991710601707,-35.69191406249411
2024-09-26,2024-09-26 09:30:00-05:00,2024-09-26 09:30:00-05:00,5746.07984375,5741.07984375,5741.07984375,5767.3701171875,Stop Loss,-5.0,,Daily Bias Not Used,66.14288889740104,5728.914481454154,5722.119477065955,15.816506835910701,-40.69191406249411
2024-10-15,2024-10-15 09:30:00-05:00,2024-10-15 09:30:00-05:00,5850.3698828125,5845.3698828125,5845.3698828125,5851.18017578125,Stop Loss,-5.0,,Daily Bias Not Used,66.8322865296521,5848.540965767897,5827.2053837696,14.602999619234703,-45.69191406249411
2024-10-17,2024-10-17 09:30:00-05:00,2024-10-17 14:30:00-05:00,5848.26978515625,5843.26978515625,5843.26978515625,5878.4599609375,Stop Loss,-5.0,,Daily Bias Not Used,65.44856522540542,5840.047146955233,5833.573418658635,15.084566392324897,-50.69191406249411
2024-10-21,2024-10-21 09:30:00-05:00,2024-10-21 09:30:00-05:00,5855.92017578125,5850.92017578125,5850.92017578125,5866.919921875,Stop Loss,-5.0,,Daily Bias Not Used,56.37307629522638,5859.792465070011,5852.934133766973,12.768250848460607,-55.69191406249411
2024-10-28,2024-10-28 09:30:00-05:00,2024-10-28 09:30:00-05:00,5831.34986328125,5841.77001953125,5826.34986328125,5841.77001953125,Target Hit,10.420156250000218,,Daily Bias Not Used,55.81340090178471,5823.995100755818,5822.561654486573,19.20106167520598,-45.27175781249389
2024-11-12,2024-11-12 09:30:00-06:00,2024-11-12 09:30:00-06:00,5993.7898046875,5988.7898046875,5988.7898046875,6009.919921875,Stop Loss,-5.0,,Daily Bias Not Used,67.46996569209732,5998.090088410225,5978.402380795012,13.995533401584993,-50.27175781249389
2024-11-27,2024-11-27 09:30:00-06:00,2024-11-27 09:30:00-06:00,6003.51978515625,5998.51978515625,5998.51978515625,6025.16015625,Stop Loss,-5.0,,Daily Bias Not Used,60.48833947165023,6005.129128307349,5989.207077870495,16.244174402011556,-55.27175781249389
2024-12-03,2024-12-03 09:30:00-06:00,2024-12-03 13:30:00-06:00,6034.570078125,6049.0,6029.570078125,6049.0,Target Hit,14.429921875000218,,Daily Bias Not Used,60.13360260190379,6039.584222343284,6026.084031134224,12.340591463519278,-40.84183593749367
2025-01-07,2025-01-07 09:30:00-06:00,2025-01-07 09:30:00-06:00,5942.7898046875,5937.7898046875,5937.7898046875,6000.68017578125,Stop Loss,-5.0,,Daily Bias Not Used,53.07537499078632,5971.412315525147,5953.67551845641,26.414989926733227,-45.84183593749367
2025-02-06,2025-02-06 09:30:00-06:00,2025-02-06 09:30:00-06:00,6068.3601171875,6063.3601171875,6063.3601171875,6069.10986328125,Stop Loss,-5.0,,Daily Bias Not Used,59.43366442604975,6050.529853776534,6042.669221632671,20.76980283252252,-50.84183593749367
2025-02-07,2025-02-07 09:30:00-06:00,2025-02-07 09:30:00-06:00,6057.46998046875,6052.46998046875,6052.46998046875,6066.10986328125,Stop Loss,-5.0,,Daily Bias Not Used,54.53910006777318,6067.010709171967,6057.219472026687,20.467719224603858,-55.84183593749367
2025-02-14,2025-02-14 09:30:00-06:00,2025-02-14 10:30:00-06:00,6114.80005859375,6109.80005859375,6109.80005859375,6127.47021484375,Stop Loss,-5.0,,Daily Bias Not Used,69.018879950491,6095.337404357297,6079.141555909461,18.067800839110756,-60.84183593749367
2025-03-26,2025-03-26 09:30:00-05:00,2025-03-26 10:30:00-05:00,5746.7800390625,5741.7800390625,5741.7800390625,5783.6201171875,Stop Loss,-5.0,,Daily Bias Not Used,59.44090667931429,5761.749260771713,5739.196706417389,22.412430184666075,-65.84183593749367
2025-04-08,2025-04-08 09:30:00-05:00,2025-04-08 09:30:00-05:00,5193.55982421875,5188.55982421875,5188.55982421875,5267.47021484375,Stop Loss,-5.0,,Daily Bias Not Used,50.95238661182538,5107.827079828045,5186.980271039629,99.13485710356686,-70.84183593749367
2025-04-10,2025-04-10 09:30:00-05:00,2025-04-10 09:30:00-05:00,5282.71021484375,5277.71021484375,5277.71021484375,5353.14990234375,Stop Loss,-5.0,,Daily Bias Not Used,55.43975247950822,5259.751067756388,5203.116243266988,116.37612810147904,-75.84183593749367
2025-04-11,2025-04-11 09:30:00-05:00,2025-04-11 11:30:00-05:00,5221.59009765625,5304.93994140625,5216.59009765625,5304.93994140625,Target Hit,83.34984375000022,,Daily Bias Not Used,50.21482665607956,5244.003023893496,5220.230533339462,108.17104211052654,7.508007812506548
2025-04-14,2025-04-14 09:30:00-05:00,2025-04-14 09:30:00-05:00,5411.59986328125,5406.59986328125,5406.59986328125,5459.4599609375,Stop Loss,-5.0,,Daily Bias Not Used,62.615428943283185,5337.145337868931,5285.234725241415,88.14497500152946,2.5080078125065484
2025-04-23,2025-04-23 09:30:00-05:00,2025-04-23 10:30:00-05:00,5395.909921875,5390.909921875,5390.909921875,5479.68994140625,Stop Loss,-5.0,,Daily Bias Not Used,67.72749015458879,5290.907228003756,5267.100767482673,54.97331454359368,-2.4919921874934516
2025-04-25,2025-04-25 09:30:00-05:00,2025-04-25 11:30:00-05:00,5458.0300390625,5508.47021484375,5453.0300390625,5508.47021484375,Target Hit,50.44017578125022,,Daily Bias Not Used,62.59421274739144,5448.0958280418245,5398.963981501303,40.952519457083994,47.94818359375677
